<core:FragmentDefinition xmlns="sap.m" xmlns:core="sap.ui.core" xmlns:f="sap.ui.layout.form" xmlns:l="sap.ui.layout"
	xmlns:u="sap.ui.unified">
	<Dialog title="Attachment12334" customHeader="Task Reassign" stretch="true">
		<UploadCollection maximumFilenameLength="55" maximumFileSize="1000" fileDeleted="onFileDeleted"
			filenameLengthExceed="onFilenameLengthExceed" fileRenamed="onFileRenamed" fileSizeExceed="onFileSizeExceed" id="UploadCollection"
			change="onChange" mode="SingleSelectMaster" beforeUploadStarts="onBeforeUploadStarts" items="{path: '/FileSet'}" multiple="true"
			uploadUrl="/sap/opu/odata/sap/ZFILE_EX_SRV/FileSet" uploadComplete="onUploadComplete" noDataText="No files found."
			noDataDescription="Drop files to upload, or use the &quot;+&quot; button.">
			<items>
				<UploadCollectionItem documentId="{ID}" fileName="{FileName}" url="/sap/opu/odata/sap/ZFILE_EX_SRV/FileSet(guid'{ID}')/$value"
					mimeType="{MIMEType}" enableEdit="false" enableDelete="false" visibleDelete="false" visibleEdit="false"></UploadCollectionItem>
			</items>
		</UploadCollection>
		<beginButton>
			<Button text="OK" press="onSave"/>
		</beginButton>
		<endButton>
			<Button text="Close" press="onClose"/>
		</endButton>
	</Dialog>
</core:FragmentDefinition>