<!--<core:FragmentDefinition xmlns="sap.m" xmlns:core="sap.ui.core" xmlns:u="sap.ui.unified">-->
<!--	<Dialog title="Chat Box" contentWidth="400px" verticalScrolling="Scroll" afterClose="onDialogClosed">-->
<!--<FeedInput post="onPost" icon="test-resources/sap/m/images/dronning_victoria.jpg" class="sapUiSmallMarginTopBottom"/>-->
<!--		<HBox width="200px">-->
<!--			<List showSeparators="Inner" items="{/EntryCollection}" width="400px">-->
<!--<FeedListItem sender="{Author}" icon="{AuthorPicUrl}" senderPress="onSenderPress" iconPress="onIconPress" iconDensityAware="false"-->
<!--	info="{Type}" timestamp="{Date}" text="{Text}" convertLinksToAnchorTags="All"/>-->
<!--			</List>-->
<!--		</HBox>-->
<!--		<HBox>-->
<!--			<FeedInput post="onPost" icon="test-resources/sap/m/images/dronning_victoria.jpg" visible="true" enabled="true"/>-->
<!--			<u:FileUploader id="fileUploader" filetype="pdf,xls,xlsx,doc,jpeg,docx,jpg,png" width="20%" name="myFileUpload" uploadOnChange="true"-->
<!--				typeMissmatch="typeMissmatch" buttonText=" " tooltip="Attach File" change="attachment" buttonOnly="true" icon="sap-icon://attachment"/></HBox>-->
<!--	</Dialog>-->
<!--</core:FragmentDefinition>-->
<core:FragmentDefinition xmlns:cards="sap.f.cards" xmlns="sap.m" xmlns:core="sap.ui.core" xmlns:l="sap.ui.layout" xmlns:u="sap.ui.unified">
	<Dialog id="CHat123" title="UR OP" contentHeight="50%" contentWidth="20%" icon="image/Smartchatlogo.png" draggable="true" resizable="false"
		showHeader="true" state="Success">
		<Page showHeader="false">
			<List id="idNoteList" items="{ChatObj>/}" showSeparators="Inner" width="100%">
				<items >
					<CustomListItem visible="true">
						<HBox >
							<!--<FeedListItem icon="sap-icon://person-placeholder" &nbsp; sender="{Notes>ZuphrFpName}"-->
							<!--	text="{= ${Notes>ZuphrContentType} === 'TXT' ? ${Notes>ZuphrContent} : '' }" &nbsp;&nbsp;-->
							<!--	timestamp="{ path: 'Notes>ZuphrFpDate', type: 'sap.ui.model.type.DateTime' }" &nbsp;/>-->
							<FeedListItem sender="Ali" icon="{AuthorPicUrl}" senderPress="onSenderPress" iconPress="onIconPress" iconDensityAware="false"
								info="{ChatObj>Type}" timestamp="{ChatObj>Date}" text="{ChatObj>Text}" convertLinksToAnchorTags="All"/>
							<Image src="" width="40%" height="50%" visible="true"/>
						</HBox>
					</CustomListItem>
				</items>
			</List>
			<footer>
				<Toolbar width="100%">
					<!--<Button icon="sap-icon://camera" press=".capturePhoto2"/>-->
					<u:FileUploader buttonOnly="true" uploadComplete="uploadPic" change="uploadPic" sameFilenameAllowed="true" fileType="jpg,png"
						id="idFileUploader" icon="sap-icon://attachment" iconOnly="true"/>
					<Input id="idInputContent" placeholder="Write notes here..." width="100%" class="sapUiTinyMarginBegin sapUiTinyMarginEnd"/>
					<Button icon="sap-icon://paper-plane" class="sapUiTinyMarginBegin" press='onPost'/>
				</Toolbar>
			</footer>
		</Page>
		<endButton>
			<Button text="Close" press="onCancelNotes"/>
		</endButton>
	</Dialog>
</core:FragmentDefinition>