<core:FragmentDefinition xmlns="sap.m" xmlns:core="sap.ui.core" xmlns:mvc="sap.ui.core.mvc" xmlns:f="sap.ui.layout.form"
	xmlns:l="sap.ui.layout" xmlns:u="sap.ui.unified">
	<Dialog title="Service Information" stretch="false" contentWidth="50%">
		<Table items="{ path: 'oTableModel>/'}" width="100%">
			<!--<headerToolbar>-->
			<!--	<Toolbar>-->
			<!--		<ToolbarSpacer></ToolbarSpacer>-->
			<!--<Button icon="sap-icon://add" type="Emphasized" press="onAdd"/>-->
			<!--	</Toolbar>-->
			<!--</headerToolbar>-->
			<columns>
				<Column class="sapUiSmallMarginEnd" width="100px">
					<Text text="Service used before:" class="sapUiSmallMarginEnd"/>
				</Column>
				<Column width="25%">
					<Text text="STATUS" textAlign="Begin" class="sapUiTinyMarginBegin" width="100%"/>
				</Column>
				<Column class="sapUiSmallMarginEnd" width="54px">
					<Text text="Active"/>
				</Column>
				<Column width="80px">
					<Text text="PO"/>
				</Column>
				<Column class="sapUiSmallMarginEnd" width="90px" hAlign="Center">
					<Text text="Total quantity requested"/>
				</Column>
			</columns>
			<items>
				<ColumnListItem press="onPress" type="Active">
					<cells>
						<Text text="{oTableModel>RefNo}"/>
						<!--Contract-->
						<Text text="{oTableModel>Description}"/>
						<Text text="{oTableModel>Uom}"/>
						<Input id="quantity1" placeholder="Quantity" value="{oTableModel>Qnty}"/>
						<!--<Button icon="sap-icon://attachment" press="attch"></Button>-->
						<!--<u:FileUploader id="fileUploadertab1" filetype="pdf,xls,xlsx,doc,jpeg,docx,jpg,png" uploadOnChange="true" buttonText=" "-->
						<!--	icon="sap-icon://attachment" change="attachment" placeholder="Attach File..." typeMissmatch="typeMissmatch" buttonOnly="true"-->
						<!--	class="sapUiSmallMarginBegin"/>-->
						<Input id="Comment" placeholder="Comment" value=""/>
						<!--<Button text="" press="OpenChat" type="Ghost" icon="sap-icon://discussion-2"></Button>-->
						<!--<Button text="Job Log" press="itemAddJb" type="Ghost" id="Jblog" enabled="false"></Button>-->
						<!--<Button text="" press="deleteRow1" type="Negative" icon="sap-icon://delete" class=""></Button>-->
					</cells>
				</ColumnListItem>
			</items>
		</Table>
		<!--<f:SimpleForm id="SimpleFormToolbar" editable="true" layout="ResponsiveGridLayout" ariaLabelledBy="Title1" width="220px">-->
		<!--	<f:content>-->
		<!--		<Label text="Service used before" required="false" design="Bold"/>-->
		<!--		<Text text="6"/>-->
		<!--		<Label text="STATUS" required="false" design="Bold"/>-->
		<!--		<Text text="Active" state="{formatter : '.status'}"/>-->
		<!--		<Label text="PO" required="false" design="Bold"/>-->
		<!--		<Text text="6"/>-->
		<!--		<Label text="Total quantity requested" required="false" design="Bold"/>-->
		<!--		<Text text="6"/>-->
		<!--	</f:content>-->
		<!--</f:SimpleForm>-->
		<beginButton>
			<!--<Button text="OK" press="onSave"/>-->
		</beginButton>
		<endButton>
			<Button text="Close" press="closeCard"/>
		</endButton>
	</Dialog>
</core:FragmentDefinition>