<core:FragmentDefinition xmlns="sap.m" xmlns:core="sap.ui.core" xmlns:mvc="sap.ui.core.mvc" xmlns:f="sap.ui.layout.form"
	xmlns:l="sap.ui.layout">
	<Dialog title="" customHeader="" stretch="false">
		<f:SimpleForm id="SimpleFormToolbar" editable="true" layout="ResponsiveGridLayout" ariaLabelledBy="Title1" width="400px">
			<f:content>
				<Label text="Comment" required="false" design="Bold"/>
				<TextArea id="Cmt" rows="4" value="{remObj>/Remarks}"/>
			</f:content>
		</f:SimpleForm>
		<beginButton>
			<Button text="OK" press="CumOk" type="Success"/>
		</beginButton>
		<endButton>
			<Button text="Close" press="CumClose" type="Negative"/>
		</endButton>
	</Dialog>
</core:FragmentDefinition>