<core:FragmentDefinition xmlns="sap.m" xmlns:core="sap.ui.core" xmlns:f="sap.ui.layout.form" xmlns:l="sap.ui.layout"
	xmlns:smartForm="sap.ui.comp.smartform" xmlns:smartField="sap.ui.comp.smartfield" xmlns:grid="sap.ui.layout.cssgrid"
	xmlns:pf="sap.suite.ui.commons">
	<Dialog title="eTicketDetails" class="sapUiSizeCompact eTicketPopUp" contentWidth="75%" contentHeight="75%">
		<Panel id="panelViewedxyz" expandable="true">
			<headerToolbar>
				<OverflowToolbar>
					<Title text="eTicket Header - Version: 1"/>
				</OverflowToolbar>
			</headerToolbar>
			<VBox class="sapUiSmallMargin">
				<f:Form id="FormChange480_Trial" editable="true">
					<f:title>
						<core:Title text="Supplier"/>
					</f:title>
					<f:layout>
						<f:ResponsiveGridLayout labelSpanXL="4" labelSpanL="4" labelSpanM="4" labelSpanS="12" adjustLabelSpan="false" emptySpanXL="0" emptySpanL="0"
							emptySpanM="0" emptySpanS="0" columnsXL="3" columnsL="2" columnsM="1" singleContainerFullSize="true"/>
					</f:layout>
					<f:formContainers>
						<f:FormContainer>
							<f:formElements>
								<f:FormElement label="eTicket No">
									<f:fields>
										<Text text="{oETicketModel>/Docno}">
											<layoutData>
												<l:GridData span="XL3 L2 M3 S4"/>
											</layoutData>
										</Text>
									</f:fields>
								</f:FormElement>
								<f:FormElement label="Service Order No">
									<f:fields>
										<Text text="{oETicketModel>/Docno}" enabled="false">
											<layoutData>
												<l:GridData span="XL3 L2 M3 S4"/>
											</layoutData>
										</Text>
									</f:fields>
								</f:FormElement>
								<f:FormElement label="Service Type">
									<f:fields>
										<Input value=" {itemsModel>/SrvtypText}" enabled="false">
											<layoutData>
												<l:GridData span="XL3 L2 M3 S4"/>
											</layoutData>
										</Input>
									</f:fields>
								</f:FormElement>
								<f:FormElement label="Purchase Order">
									<f:fields>
										<Input value="Purchase Order" enabled="false"/>
									</f:fields>
								</f:FormElement>
								<f:FormElement label="Item No">
									<f:fields>
										<Input value="Item No" enabled="false"/>
									</f:fields>
								</f:FormElement>
								<f:FormElement label="Purchase Order Type">
									<f:fields>
										<Input value="Purchase Order Type" enabled="false"/>
									</f:fields>
								</f:FormElement>
								<f:FormElement label="Purchase Order Validity">
									<f:fields>
										<Input value="Purchase Order Validity" enabled="false"/>
									</f:fields>
								</f:FormElement>
								<f:FormElement label="Contract No">
									<f:fields>
										<Input value="Contract No" enabled="false"/>
									</f:fields>
								</f:FormElement>
								<f:FormElement label="Contract Title">
									<f:fields>
										<Input value="Contract Title" enabled="false"/>
									</f:fields>
								</f:FormElement>
								<f:FormElement label="Contract Validity">
									<f:fields>
										<Input value="Contract Validity" enabled="false"/>
									</f:fields>
								</f:FormElement>
								<f:FormElement label="Charge Account Type">
									<f:fields>
										<Input value="Charge Account Type" enabled="false"/>
									</f:fields>
								</f:FormElement>
								<f:FormElement label="Charge Account Number">
									<f:fields>
										<Input value="Charge Account Number" enabled="false"/>
									</f:fields>
								</f:FormElement>
								<f:FormElement label="D.E. relevant ?">
									<f:fields>
										<Input value="D.E. relevant ?" enabled="false"/>
									</f:fields>
								</f:FormElement>
								<f:FormElement label="RDD relevant ?">
									<f:fields>
										<Input value="RDD relevant ?" enabled="false"/>
									</f:fields>
								</f:FormElement>
							</f:formElements>
						</f:FormContainer>
						<f:FormContainer>
							<f:formElements>
								<f:FormElement label="Total eTicket Value (incl. VAT)">
									<f:fields>
										<Input value="Total eTicket Value (incl. VAT)" enabled="false"/>
									</f:fields>
								</f:FormElement>
								<f:FormElement label="Purchase Order Value">
									<f:fields>
										<Input value="Purchase Order Value" enabled="false"/>
									</f:fields>
								</f:FormElement>
								<f:FormElement label="Total SES value against PO">
									<f:fields>
										<Input value="Total SES value against PO" enabled="false"/>
									</f:fields>
								</f:FormElement>
								<f:FormElement label="SES No.">
									<f:fields>
										<Input value="SES No." enabled="false"/>
									</f:fields>
								</f:FormElement>
								<f:FormElement label="Well Name">
									<f:fields>
										<Input value="Well Name" enabled="false"/>
									</f:fields>
								</f:FormElement>
								<f:FormElement label="Well Fluid Type">
									<f:fields>
										<Input value="Well Fluid Type" enabled="false"/>
									</f:fields>
								</f:FormElement>
								<f:FormElement label="Hole Section">
									<f:fields>
										<Input value="Hole Section" enabled="false"/>
									</f:fields>
								</f:FormElement>
								<f:FormElement label="Well Charge Account ">
									<f:fields>
										<Input value="Well Charge Account " enabled="false"/>
									</f:fields>
								</f:FormElement>
								<f:FormElement label="RAC Number">
									<f:fields>
										<Input value="RAC Number" enabled="false"/>
									</f:fields>
								</f:FormElement>
								<f:FormElement label="Work Location">
									<f:fields>
										<Input value="Work Location" enabled="false"/>
									</f:fields>
								</f:FormElement>
								<f:FormElement label="Vendor Invoice Number">
									<f:fields>
										<Input value="Vendor Invoice Number" enabled="false"/>
									</f:fields>
								</f:FormElement>
							</f:formElements>
						</f:FormContainer>
						<f:FormContainer>
							<f:formElements>
								<f:FormElement label="Vendor User ID">
									<f:fields>
										<Input value="Vendor User ID" enabled="false"/>
									</f:fields>
								</f:FormElement>
								<f:FormElement label="Telephone">
									<f:fields>
										<Input value="Telephone" enabled="false"/>
									</f:fields>
								</f:FormElement>
								<f:FormElement label="Vendor">
									<f:fields>
										<Input value="Vendor" enabled="false"/>
									</f:fields>
								</f:FormElement>
								<f:FormElement label="Vendor Name">
									<f:fields>
										<Input value="Vendor Name" enabled="false"/>
									</f:fields>
								</f:FormElement>
								<f:FormElement label="Vendor VAT">
									<f:fields>
										<Input value="Vendor VAT" enabled="false"/>
									</f:fields>
								</f:FormElement>
								<f:FormElement label="Rig Code ">
									<f:fields>
										<Input value="Rig Code " enabled="false"/>
									</f:fields>
								</f:FormElement>
								<f:FormElement label="Rig Short Name ">
									<f:fields>
										<Input value="Rig Short Name " enabled="false"/>
									</f:fields>
								</f:FormElement>
								<f:FormElement label="Job Start / End Date ">
									<f:fields>
										<Input value="Job Start / End Date" enabled="false"/>
									</f:fields>
								</f:FormElement>
								<f:FormElement label="Departure / Return Date">
									<f:fields>
										<Input value="Departure / Return Date" enabled="false"/>
									</f:fields>
								</f:FormElement>
								<f:FormElement label="Drilling Start Date ">
									<f:fields>
										<Input value="Drilling Start Date " enabled="false"/>
									</f:fields>
								</f:FormElement>
								<f:FormElement label="Drilling End Date ">
									<f:fields>
										<Input value="Drilling End Date " enabled="false"/>
									</f:fields>
								</f:FormElement>
								<f:FormElement label="Well Bore Name">
									<f:fields>
										<Text text="Well Bore Name"/>
									</f:fields>
								</f:FormElement>
							</f:formElements>
						</f:FormContainer>
					</f:formContainers>
				</f:Form>
			</VBox>
		</Panel>
		<Panel width="auto" expandable="true" headerText="RDD Unit and Engineer Details" expanded="true" visible="true">
			<core:Fragment fragmentName="E.E.fragments.RddETicket" type="XML"/>
		</Panel>
		<Panel width="auto" expandable="true" headerText="Workflow Status" expanded="true" visible="true">
			<core:Fragment fragmentName="E.E.fragments.WFStatus" type="XML"/>
			<!--<core:Fragment fragmentName="zmh_titan.zmh_titan.view.ETicketItemsTot" 
				type="XML"/> -->
		</Panel>
		<Panel width="auto" expandable="true" headerText="Job Log Item Details" expanded="true">
			<core:Fragment fragmentName="E.E.fragments.ETicketItems" type="XML"/>
		</Panel>
			<Panel width="auto" expandable="true" headerText=" Invoice Verification Document" expanded="true">
			<core:Fragment fragmentName="E.E.fragments.ETicketVeriDocsTab" type="XML"/>
		</Panel>
	</Dialog>
</core:FragmentDefinition>