<core:FragmentDefinition xmlns="sap.m" xmlns:core="sap.ui.core" xmlns:f="sap.ui.layout.form" xmlns:l="sap.ui.layout">
		<!--<Panel class="sapUiSizeCompact sapUiSmallMarginBeginEnd panelPadding backGroundPanel panelHdr marginTop1Rem sapUiSmallMarginBottom" width="auto" -->
		<!--expandable="true" headerText="Invoice Verification Document" expanded="true">-->
		<Table class="stand-table" 
		items="{JobLoggingModel>/}"
		mode="None">
		<columns>
			<Column width="20%" minScreenWidth="Tablet" demandPopin="true">
				<Label text="Form Title" wrapping="true" />
			</Column>
			<Column minScreenWidth="Tablet" demandPopin="true">
				<Label text="Type" wrapping="true" />
			</Column>
			<Column minScreenWidth="Tablet" demandPopin="true">
				<Label text="Mandatory" wrapping="true" />
			</Column>
			<Column minScreenWidth="Tablet" demandPopin="true">
				<Label text="Status" wrapping="true" />
			</Column>
			<!-- <Column minScreenWidth="Tablet" demandPopin="true">
				<Label text="Frequency" wrapping="true" />
			</Column> -->
			<!-- <Column minScreenWidth="Tablet" demandPopin="true" hAlign="Center">
				<Label text="Action" wrapping="true" />
			</Column> -->
		</columns>
		<items>
			<ColumnListItem type="Navigation" press="onJobLoggingListPress">
				<cells>
					<ObjectIdentifier
						title="{JobLoggingModel>FormName}" />
					<Text text="{path: 'JobLoggingModel>FormType',formatter:'.formatter.jobLogType'}" />
					<Text text="{path: 'JobLoggingModel>FormOptionl', formatter: '.formatter.FormMandatory'}" />	
					<ObjectStatus
						text="{path: 'JobLoggingModel>FormStatus', formatter: '.formatter.jobJogFormStatus'}"
						inverted="true"
						icon="{path: 'JobLoggingModel>FormStatus', formatter: '.formatter.jobJogFormStatusIcon'}"
						state="{path: 'JobLoggingModel>FormStatus', formatter: '.formatter.jobJogFormStatusState'}" />
					<!-- <Text text="{JobLoggingModel>FormFreq}" /> -->				
					<!-- <FlexBox alignItems="Center" justifyContent="Center">
						<items>

							<core:Icon width="32%" src="sap-icon://table-column"
								press="onFormTypeSelect" tooltip="Form" class="editIcon"
								visible="{= ${JobLoggingModel>FormType} === 'EF'}"
								color="#031E48" />

							<core:Icon width="32%" src="sap-icon://attachment"
								tooltip="Attachments"
								visible="{= ${JobLoggingModel>FormType} === 'AF'}"
								press="jobAttachmentsPressed" class="editIcon" color="#031E48">
							</core:Icon>

						</items>
					</FlexBox> -->
				</cells>
			</ColumnListItem>
		</items>
	</Table>
 <!--</Panel>	-->
</core:FragmentDefinition>