<core:FragmentDefinition xmlns="sap.m" xmlns:core="sap.ui.core" xmlns:f="sap.ui.layout.form" xmlns:l="sap.ui.layout">
	<!--<Panel class="sapUiSizeCompact sapUiSmallMarginBeginEnd panelPadding backGroundPanel panelHdr marginTop1Rem" width="auto" expandable="true"-->
		headerText="" expanded="true">
		<Table items="{ path: 'data>/HeaderToItemNav' }"
			mode="{= (${oETicketModel>/Status} === '02' &amp;&amp; ${UserInfoModel>/Cad} === 'X') ? 'MultiSelect':'None'}"
			selectionChange="onSelChangeETicketTable">
			<columns>
				<Column width="auto" popinDisplay="WithoutHeader">
					<Text text="Cont. Ref No."/>
				</Column>
				<!-- 			<Column width="auto" popinDisplay="WithoutHeader"> -->
				<!-- 				<Text text="Service ID"/> -->
				<!-- 			</Column> -->
				<Column width="auto" popinDisplay="WithoutHeader" visible="{itemsModel>/RddRelevant}">
					<Text text="Run No." visible="{itemsModel>/RddRelevant}"/>
				</Column>
				<Column width="auto" popinDisplay="WithoutHeader">
					<Text text="Service Description"/>
				</Column>
				<Column width="auto" popinDisplay="WithoutHeader" visible="{= ${oETicketModel>/WellName} ==='MULTIPLE'}">
					<Text text="Well Name"/>
				</Column>
				<Column width="auto" popinDisplay="WithoutHeader" visible="{= ${oETicketModel>/WellName} ==='MULTIPLE'}">
					<Text text="Well Charge Acc. No."/>
				</Column>
				<Column width="auto" popinDisplay="WithoutHeader" hAlign="Right">
					<Text text="Quantity"/>
				</Column>
				<Column width="auto" popinDisplay="WithoutHeader" hAlign="Center">
					<Text text="Unit of Measure"/>
				</Column>
				<Column width="auto" popinDisplay="WithoutHeader" hAlign="Center" visible="{= ${UserInfoModel>/Foreman} === ''}">
					<Text text="Currency"/>
				</Column>
				<Column width="auto" popinDisplay="WithoutHeader" hAlign="Right" visible="{= ${UserInfoModel>/Foreman} === ''}">
					<Text text="Unit Price"/>
				</Column>
				<Column width="auto" popinDisplay="WithoutHeader" hAlign="Right" visible="{= ${UserInfoModel>/Foreman} === ''}">
					<Text text="Gross Price"/>
				</Column>
				<!-- 	// Account assignment -->
				<Column width="auto" hAlign='Center' popinDisplay="WithoutHeader"
					visible="{= ${oETicketModel>/Status} === '02' &amp;&amp; ${UserInfoModel>/Cad} === 'X' &amp;&amp; ${UserInfoModel>/Foreman} !== 'X'}">
					<Text text="Account Assignment"/>
				</Column>
				<Column width="auto" hAlign='Center' popinDisplay="WithoutHeader"
					visible="{= ${oETicketModel>/Status} === '02' &amp;&amp; ${UserInfoModel>/Cad} === 'X' &amp;&amp; ${UserInfoModel>/Foreman} !== 'X'}">
					<Text text="Account Assignment Status"/>
				</Column>
				<Column width="auto" hAlign='Center' popinDisplay="WithoutHeader"
					visible="{= ${oETicketModel>/Status} === '02' &amp;&amp; ${UserInfoModel>/Cad} === 'X' &amp;&amp; ${UserInfoModel>/Foreman} !== 'X'}">
					<Text text="Delete Account Assignment"/>
				</Column>
				<Column width="auto" hAlign='Center' popinDisplay="WithoutHeader"
					visible="{= ${oETicketModel>/Status} === '02' &amp;&amp; ${UserInfoModel>/Cad} === 'X' &amp;&amp; ${UserInfoModel>/Foreman} !== 'X'}">
					<Text text="Copy Account Assignment"/>
				</Column>
				<!-- <Column width="auto" visible="{= ${oETicketModel>/Status} === '02'}" hAlign='Center' popinDisplay="WithoutHeader">
				<Text text="" />
			</Column>
			
			<Column width="auto" hAlign='Center' popinDisplay="WithoutHeader">
				<Text text="Assign"/>
			</Column>
			
			<Column width="auto" hAlign='Center' popinDisplay="WithoutHeader">
				<Text text="" />
			</Column> -->
				<!--<Column width="auto" popinDisplay="WithoutHeader">-->
				<!--	<Text text="Contract No."/>-->
				<!--</Column>-->
				<!--<Column width="auto" popinDisplay="WithoutHeader">-->
				<!--	<Text text="PO No."/>-->
				<!--</Column>-->
			</columns>
			<items>
				<ColumnListItem vAlign="Middle">
					<cells>
						<Text text="{data>ContRef}" wrapping="false"/>
						<!-- 					<Text text="{data>ServiceId}" wrapping="false"/> -->
						<Text text="{data>RunNo}" wrapping="false" visible="{itemsModel>/RddRelevant}"/>
						<Text text="{data>ServStext}" wrapping="false"/>
						<Text text="{data>WellnmEt}" wrapping="false"/>
						<Text text="{data>WcposidEt}" wrapping="false"/>
						<Text text="{data>Menge}" wrapping="false"/>
						<Text text="{data>Meins}" wrapping="false"/>
						<Text text="{data>Waers}" wrapping="false" visible="{= ${UserInfoModel>/Foreman} === ''}"/>
						<Text visible="{= ${UserInfoModel>/Foreman} === ''}" text="{path: 'data>Tbtwr',formatter: '.formatter.currencyFromat'}" wrapping="false"/>
						<Text visible="{= ${UserInfoModel>/Foreman} === ''}" text="{path: 'data>Netpr',formatter: '.formatter.currencyFromat'}" wrapping="false"/>
						<!-- 	// Account assignment -->
						<core:Icon src="sap-icon://activity-assigned-to-goal" color="green" press="onAccAssign"/>
						<!-- <core:Icon src="sap-icon://accept" press="onAcceptItem"/> -->
						<!-- <ProgressIndicator class="sapUiSmallMarginBottom" /> -->
						<!-- <ObjectStatus class="sapUiSmallMarginBegin" inverted="true" active="true" text="{parts: [ {path: 'oETicketModel>Menge'}, 
				     				  {path: 'oETicketModel>ItemToAccNav'}], formatter: '.formatter.onAccAssText'}"
					 state="{parts: [ {path: 'oETicketModel>Menge'}, 
				     				  {path: 'oETicketModel>ItemToAccNav'}], formatter: '.formatter.onAccAssState'}" /> -->
						<ObjectStatus class="sapUiSmallMarginBegin" inverted="true" active="true"
							text="{parts: [ {path: 'data>Menge'}, {path: 'data>ItemToAccNav'}], formatter: '.formatter.onAccAssText'}"
							state="{parts: [ {path: 'data>Menge'}, {path: 'data>ItemToAccNav'}], formatter: '.formatter.onAccAssState'}"/>
						<!--  <ObjectStatus class="sapUiSmallMarginBegin" inverted="true" active="true" ></ObjectStatus> -->
						<core:Icon visible="{= ${data>/Status} === '02'}" src="sap-icon://delete" press="onDeleteItemList"/>
						<Button icon="sap-icon://copy" text="Copy to All" press="onCopyOfAccountAssignment"/>
						<!--   <core:Icon visible="{= ${oETicketModel>/Status} === '02'}" src="sap-icon://activity-assigned-to-goal" color="green" press="onAccAssign" />
					<core:Icon src="sap-icon://accept" press="onAcceptItem"/>	
					<ProgressIndicator class="sapUiSmallMarginBottom" visible="{= ${oETicketModel>/Status} === '02'}" />
					<core:Icon src="sap-icon://delete"  press="onDeleteItemList" visible="{= ${oETicketModel>/Status} === '02'}" />		 -->
					</cells>
				</ColumnListItem>
			</items>
		</Table>
	<!--</Panel>-->
</core:FragmentDefinition>