<core:FragmentDefinition xmlns="sap.m" xmlns:core="sap.ui.core" xmlns:u="sap.ui.unified" xmlns:l="sap.ui.layout"
	xmlns:form="sap.ui.layout.form">
	<Dialog title="Upload File" contentHeight="60%" contentWidth="50%">
		<IconTabBar id="idIconTabBar" select="onFilterSelect">
			<items>
				<IconTabFilter icon="sap-icon://upload" iconColor="Positive" count="" text="Uploader" key="bydefault_task" design="Horizontal">
					<Table id="HdrAttchments" width="100%" items="{ path: 'HdrFile>/'}" mode="" delete="deleteProAttch">
						<headerToolbar>
							<Toolbar>
								<ToolbarSpacer></ToolbarSpacer>
								<Button icon="sap-icon://add" type="Success" press="HdritemAdd" text=""/>
							</Toolbar>
						</headerToolbar>
						<columns>
							<Column hAlign="Left" width="20%">
								<Text text="FILE" width="20%"/>
							</Column>
							<Column>
								<Text text="Description" hAlign="Center"/>
							</Column>
							<Column>
								<Text text=""/>
							</Column>
							<Column>
								<Text text=""/>
							</Column>
							<Column>
								<Text text=""/>
							</Column>
						</columns>
						<items>
							<ColumnListItem id="HdrlistItem">
								<cells>
									<u:FileUploader id="fileUploadertabHdr" filetype="pdf,xls,xlsx,doc,jpeg,docx,jpg,png" uploadOnChange="true" buttonText=" "
										icon="sap-icon://attachment" change="attachment" placeholder="Attach File..." typeMissmatch="typeMissmatch" buttonOnly="true" width="50%"/>
									<!--<u:FileUploader id="fileUploader" filetype="pdf,xls,xlsx,doc,jpeg,docx,jpg,png" uploadOnChange="true" buttonText=" "-->
									<!--	icon="sap-icon://attachment" change="attachment" placeholder="FileName" typeMissmatch="typeMissmatch" buttonOnly="true" width="10%"/>-->
									<Input id="Description" placeholder="" value="{HdrFile>Filename}"/>
									<Label/>
									<Label/>
									<Button press="deleteRow2" type="Negative" icon="sap-icon://delete" class=""></Button>
								</cells>
							</ColumnListItem>
						</items>
					</Table>
				</IconTabFilter>
				<IconTabSeparator/>
				<IconTabFilter id="icontab2" icon="sap-icon://upload-to-cloud" iconColor="Critical" count="" text="Uploaded Files" key="Services"
					design="Horizontal">
					<List items="{attachModel>/}" headerText="Products">
						<ObjectListItem title="{Name}" type="Active" press="onListItemPress"
							number="{ parts:[{path:'Price'},{path:'CurrencyCode'}], type: 'sap.ui.model.type.Currency', formatOptions: {showMeasure: false} }"
							numberUnit="{CurrencyCode}" showMarkers="true"
							markFlagged="{ path: 'Quantity', formatter: 'sap.m.sample.ObjectListItemMarkLocked.Formatter.intBoolRandomizer' }"
							markFavorite="{ path: 'Status', formatter: 'sap.m.sample.ObjectListItemMarkLocked.Formatter.favorite' }"
							markLocked="{ path: 'WeightMeasure', formatter: 'sap.m.sample.ObjectListItemMarkLocked.Formatter.intBoolRandomizer' }">
							<firstStatus>
								<ObjectStatus text="{Status}" state="{ path: 'Status', formatter: 'sap.m.sample.ObjectListItemMarkLocked.Formatter.status' }"/>
							</firstStatus>
							<ObjectAttribute text="{WeightMeasure} {WeightUnit}"/>
							<ObjectAttribute text="{Width} x {Depth} x {Height} {DimUnit}"/>
						</ObjectListItem>
					</List>
				</IconTabFilter>
				<IconTabSeparator/>
			</items>
		</IconTabBar>
		<!--<VBox class="navigationExamples">-->
		<!--	<Panel headerText="Same width, transition effect">-->
		<!--		<FlexBox class="ne-flexbox2" renderType="List" justifyContent="SpaceBetween" alignItems="Center">-->
		<!--			<core:HTML content="&lt;a &gt;Item 1&lt;/a&gt;">-->
		<!--				<core:layoutData>-->
		<!--					<FlexItemData growFactor="1" baseSize="25%"/>-->
		<!--				</core:layoutData>-->
		<!--			</core:HTML>-->
		<!--			<core:HTML content="&lt;a &gt;Long item 2&lt;/a&gt;">-->
		<!--				<core:layoutData>-->
		<!--					<FlexItemData growFactor="1" baseSize="25%"/>-->
		<!--				</core:layoutData>-->
		<!--			</core:HTML>-->
		<!--			<core:HTML content="&lt;a &gt;Item 3&lt;/a&gt;">-->
		<!--				<core:layoutData>-->
		<!--					<FlexItemData growFactor="1" baseSize="25%"/>-->
		<!--				</core:layoutData>-->
		<!--			</core:HTML>-->
		<!--		</FlexBox>-->
		<!--	</Panel>-->
		<!--</VBox>-->
		<beginButton>
			<Button text="Ok" press="Hdrok" type="Success"/>
		</beginButton>
		<endButton>
			<Button text="Close" press="HdrClose" type="Negative"/>
		</endButton>
	</Dialog>
</core:FragmentDefinition>