<core:FragmentDefinition xmlns="sap.m" xmlns:l="sap.ui.layout" xmlns:f="sap.ui.layout.form" xmlns:core="sap.ui.core">
	<Dialog title="Ticket - Equipment" contentHeight="58%" contentWidth="80%" stretch="false">
		<VBox class="sapUiSmallMargin">
			<f:Form editable="true">
				<f:layout>
					<f:ResponsiveGridLayout labelSpanXL="4" labelSpanL="4" labelSpanM="12" labelSpanS="12" adjustLabelSpan="false" emptySpanXL="0"
						emptySpanL="0" emptySpanM="0" emptySpanS="0" columnsXL="2" columnsL="2" columnsM="1" singleContainerFullSize="false"/>
				</f:layout>
				<f:formContainers>
					<f:FormContainer title="">
						<f:formElements>
							<f:FormElement label="Contract Ref No">
								<f:fields>
									<Input value="{JBModel>/RefNo}" valueHelpOnly="true" showValueHelp="true" editable="false" enabled="true">
										<layoutData>
											<l:GridData span="XL2 L2 M2 S4"/>
										</layoutData>
									</Input>
								</f:fields>
							</f:FormElement>
							<f:FormElement label="Service Description">
								<f:fields>
									<Input value="{JBModel>/Description}" editable="false"/>
								</f:fields>
							</f:FormElement>
							<f:FormElement label="PO Start/End Date">
								<f:fields>
									<Input value="23/01/2023" valueHelpOnly="true" showValueHelp="true" editable="false" enabled="true">
										<layoutData>
											<l:GridData span="XL2 L2 M2 S4"/>
										</layoutData>
									</Input>
									<Input value="22/10/2024" valueHelpOnly="true" showValueHelp="true" editable="false" enabled="true">
										<layoutData>
											<l:GridData span="XL2 L2 M2 S4"/>
										</layoutData>
									</Input>
								</f:fields>
							</f:FormElement>
							<f:FormElement label="Start Date/Time">
								<f:fields>
									<DatePicker id="startDateInput" placeholder=" Start Date" value="{JBModel>/StrtDate}" enabled="true" valueFormat="YYYYMMdd"/>
									<TimePicker value="{JBModel>/Strt_tim}" valueFormat='HH:mm:ss' displayFormat="HH:mm" placeholder="HH:MM:SS"/>
								</f:fields>
							</f:FormElement>
							<f:FormElement label="End Date/Time">
								<f:fields>
									<DatePicker id="endDateInput" placeholder="End Date" value="{JBModel>/EndDate}" enabled="true" valueFormat="YYYYMMdd"/>
									<TimePicker value="{JBModel>/End_tim}" valueFormat='HH:mm:ss' displayFormat="HH:mm" placeholder="HH:MM:SS"/>
								</f:fields>
							</f:FormElement>
							<f:FormElement label="Number of equipment">
								<f:fields>
									<Input value="{JBModel>/TVD_beg}" class="sapUiTinyMarginEnd"/>
								</f:fields>
							</f:FormElement>
							<f:FormElement label="Unit Price">
								<f:fields>
									<Input value="{JBModel>/Unit_Price}"/>
								</f:fields>
							</f:FormElement>
							<f:FormElement label="Gross Price">
								<f:fields>
									<Input value="{JBModel>/Gross_Price}"/>
								</f:fields>
							</f:FormElement>
							<f:FormElement label="Net Price">
								<f:fields>
									<Input value="{JBModel>/Net_Price}"/>
								</f:fields>
							</f:FormElement>
						</f:formElements>
					</f:FormContainer>
					<f:FormContainer title="">
						<f:formElements>
							<f:FormElement label="Vendor service / material No">
								<f:fields>
									<Input value=""/>
								</f:fields>
							</f:FormElement>
							<f:FormElement label="Quantity">
								<f:fields>
									<Input value="{JBModel>/Quantity}"/>
								</f:fields>
							</f:FormElement>
							<f:FormElement label="UOM">
								<f:fields>
									<Input value="{JBModel>/UOM}"/>
								</f:fields>
							</f:FormElement>
							<f:FormElement label="Comment">
								<f:fields>
									<Input value="{JBModel>/Comment}"/>
								</f:fields>
							</f:FormElement>
							<f:FormElement label="TimeSheet">
								<f:fields>
									<Button text="TimeSheet" press="TimeSheetBtn" type="Success"/>
								</f:fields>
							</f:FormElement>
						</f:formElements>
					</f:FormContainer>
				</f:formContainers>
			</f:Form>
		</VBox>
		<HBox justifyContent="End" class="sapUiNoMarginBottom" alignItems="End">
			<Button text="Save " press="JbEquip" type="Emphasized" class="sapUiTinyMarginEnd"/>
			<Button text="Close" press="JbEquipclose" type="Negative" class="sapUiTinyMarginEnd"/>
		</HBox>
	</Dialog>
</core:FragmentDefinition>