<core:FragmentDefinition xmlns="sap.m" xmlns:core="sap.ui.core" xmlns:u="sap.ui.unified" xmlns:l="sap.ui.layout"
	xmlns:form="sap.ui.layout.form">
	<Dialog title="Ticket - Service" contentHeight="40%" contentWidth="90%">
		<HBox class="sapUiTinyMarginBeginEnd sapUiSmallMarginTop" alignContent="SpaceBetween">
			<Text text="Start Date/Time:" class="sapUiNoMarginEnd"/>
			<DatePicker placeholder="Date" value="{JBModel>/StrtDate}" id="StartDate" enabled="true"/>
			<TimePicker id="TP1" value="{JBModel>/Strt_tim}" valueFormat="{/timePickers/TP1/format}" displayFormat="{/timePickers/TP1/format}"
				change="handleChange" maskMode="{= ${/maskMode/state} ? 'On' : 'Off'}" placeholder="{/timePickers/TP1/placeholder}"
				class="sapUiTinyMarginEnd"/>
			<Text text="End Date/Time:"/>
			<DatePicker placeholder="Date" value="{JBModel>/EndDate}" id="EndDate" enabled="true"/>
			<TimePicker id="TP2" value="{JBModel>/End_tim}" valueFormat="{/timePickers/TP1/format}" displayFormat="{/timePickers/TP1/format}"
				change="handleChange" maskMode="{= ${/maskMode/state} ? 'On' : 'Off'}" placeholder="{/timePickers/TP1/placeholder}"
				class="sapUiTinyMarginEnd"/>
			<Text text="TVD(At the beginning):"/>
			<Input text="{JBModel>/TVD_beg}" class="sapUiSmallMarginEnd"/>
			<Text text="TVD(At the beginning):"/>
			<Input text="{JBModel>/TVD_beg}" class="sapUiTinyMarginEnd"/>
			<Text text="HT Factor:"/>
			<Input text="{JBModel>/ht_fac}"/>
		</HBox>
		<HBox class="sapUiTinyMarginBeginEnd sapUiSmallMarginTop" alignContent="SpaceBetween">
			<Toolbar></Toolbar>
		</HBox>
			<!--<VBox>-->
			<!--		<Label text="Vendor Name" required='true' labelFor="Wbs2"/>-->
			<!--	</VBox>-->
			<!--	<Input id="Wbs2" placeholder="Select Vendor Name" showSuggestion="true" suggestionItems="{WBSDATA>/}" selectedKey="{/SelectedProduct8}">-->
			<!--		<suggestionItems>-->
			<!--			<core:ListItem key="{WBSDATA>CHARGE_ACCOUNT_NUMBER}" text="{WBSDATA>CHARGE_ACCOUNT_NUMBER}"/>-->
			<!--		</suggestionItems>-->
			<!--	</Input>-->
		<!--<HBox class="sapUiTinyMarginBeginEnd sapUiSmallMarginTop" alignContent="SpaceBetween">-->
		<!--	<Toolbar>-->
		<!--		<Input text="{JBModel>RefNo}" value="{JBModel>/RefNo}"></Input>-->
		<!--	</Toolbar>-->
		<!--</HBox>-->
		<Table width="{/width}" growingScrollToLoad="true" growing="true" fixedLayout="true" ariaLabelledBy="title"
			sticky="HeaderToolbar,InfoToolbar,ColumnHeaders" growingThreshold="80" horizontal="true">
			<columns>
				<Column hAlign="Center">
					<Text text="Contract Ref No"/>
				</Column>
				<Column hAlign="Center">
					<Text text="Service Description"/>
				</Column>
				<Column hAlign="Center">
					<Text text="Depth From"/>
				</Column>
				<Column hAlign="Center">
					<Text text="Depth To"/>
				</Column>
				<Column hAlign="Center">
					<Text text="Depth"/>
				</Column>
				<Column hAlign="Center">
					<Text text="Footage"/>
				</Column>
				<Column hAlign="Center">
					<Text text="Quantity"/>
				</Column>
				<Column hAlign="Center">
					<Text text="UOM"/>
				</Column>
				<Column>
					<Text text="Unit Price"/>
				</Column>
				<Column hAlign="Center">
					<Text text="Gross Price"/>
				</Column>
				<Column hAlign="Center">
					<Text text="Net Price"/>
				</Column>
				<Column hAlign="Center">
					<Text text="Comment"/>
				</Column>
			</columns>
			<items>
				<ColumnListItem press="onPress" type="Active" highlight="{ path:'JBModel>STATUS_T', formatter:'.formatter.status' }">
					<cells >
						<ObjectIdentifier title="{JBModel>/RefNo}"/>
						<Text text="{JBModel>/Description}"/>
						<Input text="{JBModel>/Depth_From}"/>
						<Input text="{JBModel>/Depth_To}"/>
						<Input text="{JBModel>/Depth}"/>
						<Input text="{JBModel>Footage}"/>
						<Input text="{JBModel>/Quantity}"/>
						<Text text="{JBModel>/UOM}"/>
						<Text text="{JBModel>/Unit_Price}"/>
						<Input text="{JBModel>/Gross_Price}"/>
						<Input text="{JBModel>/Net_Price}"/>
						<Button text="{JBModel>/Comment}" icon="sap-icon://comment"/>
					</cells>
				</ColumnListItem>
			</items>
		</Table>
		<HBox justifyContent="End" class="sapUiNoMarginBottom" alignItems="End">
			<!--<beginButton>-->
			<!--<Button text="Previous Service" press="JbOk" type="Emphasized" icon="sap-icon://arrow-left" class="sapUiTinyMarginEnd"/>-->
			<!--<Button text="Next Service" press="JbOk" type="Emphasized" icon="sap-icon://arrow-right" class="sapUiTinyMarginEnd"/>-->
			<Button text="Save" press="JbService" type="Emphasized" class="sapUiTinyMarginEnd"/>
			<!--</beginButton>-->
			<!--<endButton>-->
			<Button text="Close" press="Jbclose" type="Negative" class="sapUiTinyMarginEnd"/>
		</HBox>
		<!--</endButton>-->
	</Dialog>
</core:FragmentDefinition>