<core:FragmentDefinition xmlns="sap.m" xmlns:l="sap.ui.layout" xmlns:f="sap.ui.layout.form" xmlns:core="sap.ui.core">
	<Dialog title="Ticket - Service" contentHeight="58%" contentWidth="80%" stretch="false">
		<VBox class="sapUiSmallMargin">
			<f:Form id="FormChange480_12120" editable="true">
				<f:layout>
					<f:ResponsiveGridLayout labelSpanXL="4" labelSpanL="4" labelSpanM="12" labelSpanS="12" adjustLabelSpan="false" emptySpanXL="0"
						emptySpanL="0" emptySpanM="0" emptySpanS="0" columnsXL="2" columnsL="2" columnsM="1" singleContainerFullSize="false"/>
				</f:layout>
				<f:formContainers>
					<f:FormContainer title="">
						<f:formElements>
							<f:FormElement label="Contract Ref No">
								<f:fields>
									<Input value="{JBModel>/RefNo}" valueHelpOnly="true" showValueHelp="true" editable="false" enabled="true">
										<layoutData>
											<l:GridData span="XL2 L2 M2 S4"/>
										</layoutData>
									</Input>
								</f:fields>
							</f:FormElement>
							<f:FormElement label="Service Description">
								<f:fields>
									<Input value="{JBModel>/Description}" editable="false"/>
								</f:fields>
							</f:FormElement>
							<f:FormElement label="PO Start/End Date">
								<f:fields>
									<Input id="POStrt" value="23/01/2023" valueHelpOnly="true" showValueHelp="true" editable="false" enabled="true">
										<layoutData>
											<l:GridData span="XL2 L2 M2 S4"/>
										</layoutData>
									</Input>
									<Input id="POEnd" value="22/10/2024" valueHelpOnly="true" showValueHelp="true" editable="false" enabled="true">
										<layoutData>
											<l:GridData span="XL2 L2 M2 S4"/>
										</layoutData>
									</Input>
								</f:fields>
								<!--<f:fields>-->
								<!--<Input value="23/01/2023" valueHelpOnly="true" showValueHelp="true" editable="false" enabled="true">-->
								<!--		<Input value="22/10/2024" valueHelpOnly="true" showValueHelp="true" editable="false" enabled="true">-->
								<!--<DatePicker placeholder=" Start Date" value="{podate>/POStartDate}" id="POStartDate" enabled="true" valueFormat="YYYYMMdd" editable="false"/>-->
								<!--		<DatePicker placeholder=" Start Date" value="{podate>POEndDate}" id="POSeNDDate" enabled="true" valueFormat="YYYYMMdd" editable="false"/> -->
								<!--</f:fields>-->
							</f:FormElement>
							<f:FormElement label="Start Date/Time">
								<f:fields>
									<DatePicker placeholder=" Start Date" value="{JBModel>/StrtDate}" id="StartDate" enabled="true" valueFormat="YYYYMMdd"/>
									<TimePicker id="TP1" value="{JBModel>/Strt_tim}" valueFormat='HH:mm:ss' displayFormat="HH:mm" placeholder="HH:MM:SS"/>
									<!--<TimePicker id="TP1" value="{JBModel>/Strt_tim}" valueFormat="{/timePickers/TP1/format}" displayFormat="{/timePickers/TP1/format}"-->
									<!--	change="handleChange" maskMode="{= ${/maskMode/state} ? 'On' : 'Off'}" placeholder="{/timePickers/TP1/placeholder}"-->
									<!--	class="sapUiTinyMarginEnd"/>-->
								</f:fields>
							</f:FormElement>
							<f:FormElement label="End Date/Time">
								<f:fields>
									<DatePicker placeholder="End Date" value="{JBModel>/EndDate}" id="EndDate" enabled="true" valueFormat="YYYYMMdd"/>
									<TimePicker id="TP2" value="{JBModel>/End_tim}" valueFormat='HH:mm:ss' displayFormat="HH:mm" placeholder="HH:MM:SS"/>
									<!--<TimePicker id="TP2" value="{JBModel>/End_tim}" valueFormat="{/timePickers/TP1/format}" displayFormat="{/timePickers/TP1/format}"-->
									<!--	change="handleChange" maskMode="{= ${/maskMode/state} ? 'On' : 'Off'}" placeholder="{/timePickers/TP1/placeholder}"-->
									<!--	class="sapUiTinyMarginEnd"/>-->
								</f:fields>
							</f:FormElement>
							<f:FormElement label="TVD(At the beginning)">
								<f:fields>
									<Input value="{JBModel>/TVD_beg}" class="sapUiTinyMarginEnd"/>
								</f:fields>
							</f:FormElement>
							<f:FormElement label="HT Factor">
								<f:fields>
									<Input value="{JBModel>/ht_fac}"/>
								</f:fields>
							</f:FormElement>
							<f:FormElement label="Unit Price">
								<f:fields>
									<Input value="{JBModel>/Unit_Price}"/>
								</f:fields>
							</f:FormElement>
							<f:FormElement label="Gross Price">
								<f:fields>
									<Input value="{JBModel>/Gross_Price}"/>
								</f:fields>
							</f:FormElement>
							<f:FormElement label="Net Price">
								<f:fields>
									<Input value="{JBModel>/Net_Price}"/>
								</f:fields>
							</f:FormElement>
						</f:formElements>
					</f:FormContainer>
					<f:FormContainer title="">
						<f:formElements>
							<f:FormElement label="Depth From">
								<f:fields>
									<Input value="{JBModel>/Depth_From}"/>
								</f:fields>
							</f:FormElement>
							<f:FormElement label="Depth To">
								<f:fields>
									<Input value="{JBModel>/Depth_To}"/>
								</f:fields>
							</f:FormElement>
							<f:FormElement label="Depth">
								<f:fields>
									<Input value="{JBModel>/Depth}"/>
								</f:fields>
							</f:FormElement>
							<f:FormElement label="Footage">
								<f:fields>
									<Input value="{JBModel>/Footage}"/>
								</f:fields>
							</f:FormElement>
							<f:FormElement label="Quantity">
								<f:fields>
									<Input value="{JBModel>/Quantity}"/>
								</f:fields>
							</f:FormElement>
							<f:FormElement label="UOM">
								<f:fields>
									<Input value="{JBModel>/UOM}"/>
								</f:fields>
							</f:FormElement>
							<f:FormElement label="Comment">
								<f:fields>
									<Input value="{JBModel>/Comment}"/>
								</f:fields>
							</f:FormElement>
							<f:FormElement label="TimeSheet">
								<f:fields>
									<Button text="TimeSheet" press="TimeSheetBtn" type="Success"/>
								</f:fields>
							</f:FormElement>
						</f:formElements>
					</f:FormContainer>
				</f:formContainers>
			</f:Form>
		</VBox>
		<HBox justifyContent="End" class="sapUiNoMarginBottom" alignItems="End">
			<!--<beginButton>-->
			<!--<Button text="Previous Service" press="JbOk" type="Emphasized" icon="sap-icon://arrow-left" class="sapUiTinyMarginEnd"/>-->
			<!--<Button text="Next Service" press="JbOk" type="Emphasized" icon="sap-icon://arrow-right" class="sapUiTinyMarginEnd"/>-->
			<Button text="Save " press="JbService" type="Emphasized" class="sapUiTinyMarginEnd"/>
			<!--</beginButton>-->
			<!--<endButton>-->
			<Button text="Close" press="Jbclose" type="Negative" class="sapUiTinyMarginEnd"/>
		</HBox>
	</Dialog>
</core:FragmentDefinition>