<core:FragmentDefinition xmlns:l="sap.ui.layout" xmlns:f="sap.ui.layout.form" xmlns="sap.m" xmlns:core="sap.ui.core">
	<Dialog title="Profile Page" contentHeight="60%" contentWidth="30%" icon="sap-icon://customer" draggable="true" resizable="false"
		state="Success" showHeader="false">
		<VBox>
			<Panel class="sapUiDemoFlexBoxSizeAdjustments">
				<FlexBox alignItems="Start">
					<Avatar width="100%" icon="" displaySize="XL" showBorder="true" press="onPress" class="sapUiSmallMarginEnd">
						<layoutData>
							<FlexItemData growFactor="1"/>
						</layoutData>
					</Avatar>
					<Text text="Vendor Details">
						<layoutData>
							<FlexItemData growFactor="20"/>
						</layoutData>
					</Text>
				</FlexBox>
			</Panel>
			<Panel headerText="Favourites Settings" class="sapUiDemoFlexBoxSizeAdjustments">
				<VBox>
					<Label text="Vendor Name" required='true' labelFor="Wbs2"/>
				</VBox>
				<Input id="Wbs2" placeholder="Select Vendor Name" showSuggestion="true" suggestionItems="{WBSDATA>/}" selectedKey="{/SelectedProduct8}">
					<suggestionItems>
						<core:ListItem key="{WBSDATA>CHARGE_ACCOUNT_NUMBER}" text="{WBSDATA>CHARGE_ACCOUNT_NUMBER}"/>
					</suggestionItems>
				</Input>
				<VBox>
					<Label text="WBS Phase" required="true"/>
				</VBox>
				<ComboBox id="WBS" showSecondaryValues="true" items="{ path: 'WbsModel>/'}" class="sapUiSmallMarginEnd" width="100%">
					<core:ListItem key="{key}" text="" additionalText=""/>
					<core:ListItem key="{key}" text="{WbsModel>Wbs}" additionalText="{key}"/>
				</ComboBox>
				<!--<Label text="WBS Phase" required='true' labelFor="Wbss"/>-->
				<!--<Input id="Wbss" placeholder="Select WBS" showSuggestion="true" suggestionItems="{WBSDATA>/}" selectedKey="{/SelectedProduct8}">-->
				<!--	<suggestionItems>-->
				<!--		<core:ListItem key="{WBSDATA>CHARGE_ACCOUNT_NUMBER}" text="{WBSDATA>CHARGE_ACCOUNT_NUMBER}"/>-->
				<!--	</suggestionItems>-->
				<!--</Input>-->
				<VBox>
					<Label text="Remote Location" required='true' labelFor="Wbs1"/>
				</VBox>
				<ComboBox id="Remote" showSecondaryValues="true" items="{ path: 'HeaderToRigNav>/'}" class="sapUiSmallMarginEnd" value="{/RigDesc}"
					selectedKey="{/RigCode}" selectedItem="PFloc" change="PFloc" width="100%">
					<core:ListItem key="{HeaderToRigNav>RigCode}" text="{HeaderToRigNav>RigDesc}" additionalText="{HeaderToRigNav>RigCode}"/>
				</ComboBox>
			</Panel>
			<Panel>
				<FlexBox alignItems="Start">
					<Button text="Save" width="10em" type="Emphasized" class="sapUiSmallMarginEnd">
						<layoutData>
							<FlexItemData growFactor="1"/>
						</layoutData>
					</Button>
					<Button text="Cancel" press="onPFClose" width="10em" type="Emphasized" class="sapUiSmallMarginEnd">
						<layoutData>
							<FlexItemData growFactor="20"/>
						</layoutData>
					</Button>
				</FlexBox>
			</Panel>
		</VBox>
		<!--	<FlexBox >-->
		<!--		<core:Icon src="sap-icon://customer" decorative="false" press="onLogoPressed" tooltip="SAP Logo"/>-->
		<!--	</FlexBox>-->
		<!--		<VBox class="sapUiSmallMargin">-->
		<!--	<f:SimpleForm id="SimpleFormChange354" editable="true" layout="ResponsiveGridLayout" labelSpanXL="3" labelSpanL="3" labelSpanM="3"-->
		<!--		labelSpanS="12" adjustLabelSpan="false" emptySpanXL="4" emptySpanL="4" emptySpanM="4" emptySpanS="0" columnsXL="1" columnsL="1" columnsM="1"-->
		<!--		singleContainerFullSize="false">-->
		<!--		<f:content>-->
		<!--			<Label text="Vendor Name"/>-->
		<!--			<Input id="vname" value="{VendorName}"/>-->
		<!--			<Label text="Remote Location"/>-->
		<!--			<ComboBox id="Remote" showSecondaryValues="true" items="{ path: 'HeaderToRigNav>/'}" class="sapUiSmallMarginEnd" value="{/RigDesc}"-->
		<!--				selectedKey="{/RigCode}" selectedItem="PFloc" change="PFloc">-->
		<!--				<core:ListItem key="{HeaderToRigNav>RigCode}" text="{HeaderToRigNav>RigDesc}" additionalText="{HeaderToRigNav>RigCode}"/>-->
		<!--			</ComboBox>-->
		<!--<Input value="{Location}"></Input>-->
		<!--			<Label text="WBS"/>-->
		<!--			<ComboBox id="WBS" showSecondaryValues="true" items="{ path: 'WbsModel>/'}" class="sapUiSmallMarginEnd">-->
		<!--<core:ListItem key="{key}" text="" additionalText=""/>-->
		<!--				<core:ListItem key="{key}" text="{WbsModel>Wbs}" additionalText="{key}"/>-->
		<!--			</ComboBox>-->
		<!--		</f:content>-->
		<!--	</f:SimpleForm>-->
		<!--</VBox>-->
		<!--<beginButton>-->
		<!--	<Button text="Save" press="onPFSave"/>-->
		<!--</beginButton>-->
		<!--<endButton>-->
		<!--	<Button text="Close" press="onPFClose"/>-->
		<!--</endButton>-->
	</Dialog>
</core:FragmentDefinition>