<core:FragmentDefinition xmlns="sap.m" xmlns:core="sap.ui.core" xmlns:u="sap.ui.unified" xmlns:l="sap.ui.layout"
	xmlns:form="sap.ui.layout.form">
	<Dialog title="Vendor Profile Settings" stretch="false" contentHeight="80%" contentWidth="50%">
		<Table id="ProAttchments" width="100%" items="{ path: 'oProModel>/'}" mode="" delete="deleteProAttch">
			<headerToolbar>
				<Toolbar>
					<ToolbarSpacer></ToolbarSpacer>
					<Button icon="sap-icon://add" type="Success" press="ProAttch" text=""/>
				</Toolbar>
			</headerToolbar>
			<columns>
				<Column width="27%">
					<Text text="TYPE"/>
				</Column>
				<Column width="20%">
					<Text text="File"/>
				</Column>
				<!--<Column width="50%" hAlign="Center">-->
				<!--	<Text text="Mandatory"/>-->
				<!--</Column>-->
				<!--<Column width="20%">-->
				<!--	<Text text="Valid till" textAlign="Center"/>-->
				<!--</Column>-->
				<Column width="25%" >
					<Text text="Valid From"/>
				</Column>
					<Column width="25%">
					<Text text="Valid till" textAlign="Center"/>
				</Column>
				<!--<Column width="50%" hAlign="Center">-->
				<!--	<Text text="Preview"/>-->
				<!--</Column>-->
				<!--<Column width="50%">-->
				<!--	<Text text="Action"/>-->
				<!--</Column>-->
				<Column width="10%">
					<Text text="Info"/>
				</Column>
				<!--<Column >-->
				<!--	<Text text="Upload"/>-->
				<!--</Column>-->
			</columns>
			<items>
				<ColumnListItem id="ProlistItem">
					<cells>
						<Label text="{oProModel>Header}" labelFor="Header" design="Bold"/>
						<!--<Input id="Title" placeholder="Title" value="{oProModel>Title}" width="50%"/>-->
						<u:FileUploader id="ProfileUploader" filetype="pdf,xls,xlsx,doc,jpeg,docx,jpg,png" uploadOnChange="true" buttonText=" "
							icon="sap-icon://attachment" change="attachment" placeholder="FileName" typeMissmatch="typeMissmatch" buttonOnly="true" width="100%"/>
						<!--<Input id="Mandatory" placeholder="Yes/No" value="{oProModel>Mandatory}" width="70%"/>-->
						<!--<Input id="S_date" placeholder="MM/DD/YYYY" value="{oProModel>StartDate}" width="70%"/>-->
						<DatePicker placeholder="MM/DD/YYYY" value="{oProModel>Valid_till}" id="S_date" width="70%"/>
						<DatePicker placeholder="MM/DD/YYYY" value="{oProModel>/Valid_from}" id="E_date" width="50%"/>
						<!--<Input id="Status" placeholder="Status" value="{oProModel>Status}" width="70%"/>-->
						<!--<u:FileUploader id="fileUploadertab" filetype="pdf,xls,xlsx,doc,jpeg,docx,jpg,png" uploadOnChange="true" buttonText=" "-->
						<!--	icon="sap-icon://attachment" change="attachment" placeholder="Attach File..." typeMissmatch="typeMissmatch" buttonOnly="true"/>-->
						<!--<Button text="Preview" press="PreviewFile" type="Attention"></Button>-->
						<Button icon="sap-icon://information" press="ProItemInfo"/>
						<!--<Button text="Upload" press="ProitemSub" type="Success"></Button>-->
					</cells>
				</ColumnListItem>
			</items>
		</Table>
		<beginButton>
			<Button text="Ok" press="Pro_ok" type="Success"/>
		</beginButton>
		<endButton>
			<Button text="Close" press="ProClose" type="Negative"/>
		</endButton>
	</Dialog>
</core:FragmentDefinition>