<core:FragmentDefinition xmlns="sap.m" xmlns:core="sap.ui.core" xmlns:f="sap.ui.layout.form" xmlns:l="sap.ui.layout">
	<!-- <Panel class="sapUiSizeCompact sapUiSmallMarginTop panelPadding backGroundPanel panelHdr sapUiSmallMarginBeginEnd" width="auto" expandable="true"
		headerText="RDD Details" expanded="true"> -->
	<Table>
		<columns>
			<Column width="auto" popinDisplay="WithoutHeader">
				<Text text="Job Type"/>
			</Column>
			<Column width="auto" hAlign='Center' popinDisplay="WithoutHeader">
				<Text text="RDD Unit"/>
			</Column>
			<Column width="auto" popinDisplay="WithoutHeader">
				<Text text="RDD Engineer"/>
			</Column>
			<Column width="auto" popinDisplay="WithoutHeader">
				<Text text="Vendor Focal Contact Name"/>
			</Column>
			<Column width="auto" popinDisplay="WithoutHeader">
				<Text text="Vendor contact email"/>
			</Column>
			<Column width="auto" popinDisplay="WithoutHeader">
				<Text text="Vendor contact number"/>
			</Column>
		</columns>
		<items>
			<ColumnListItem vAlign="Middle">
				<cells>
					<Select forceSelection="false" selectedKey="{data>/RddJobType}" items="{path:'JobTypeeTicketModel>/',templateShareable: false}"
						enabled="false">
						<core:ListItem key="{JobTypeeTicketModel>Value1}" text="{JobTypeeTicketModel>Descr1}"/>
					</Select>
					<Text text="{data>/RddUnit}" wrapping="true"/>
					<Text text="{data>/RddEng}" wrapping="true"/>
					<Text text="{data>/RddVendName}" wrapping="true"/>
					<Text text="{data>/RddVendMail}" wrapping="true"/>
					<Text text="{data>/RddVendMob}" wrapping="true"/>
				</cells>
			</ColumnListItem>
		</items>
	</Table>
	<!-- <layoutData>
			<l:GridData span="XL4 L4 M4 S12"/>
		</layoutData>
	</Panel> -->
</core:FragmentDefinition>