This XML file does not appear to have any style information associated with it. The document tree is shown below.
<core:FragmentDefinition xmlns="sap.m" xmlns:core="sap.ui.core" xmlns:u="sap.ui.unified" xmlns:l="sap.ui.layout"
	xmlns:form="sap.ui.layout.form">
	<Dialog title="TimeSheet" stretch="false" contentHeight="40%" contentWidth="100%">
		<!-- <Table id="idTable" width="100%" items="{/timesheetEntries}"> -->
		<!-- 	<headerToolbar> -->
		<!-- 		<Toolbar> -->
		<!-- 			<ToolbarSpacer></ToolbarSpacer> -->
		<!-- 			<Button icon="sap-icon://add" type="Success" press="ProAttch" text=""/> -->
		<!-- 		</Toolbar> -->
		<!-- 	</headerToolbar> -->
		<!-- 	<columns> -->
		<!-- 		<Column> -->
		<!-- 			<Label text="Date"/> -->
		<!-- 		</Column> -->
		<!-- 		<Column> -->
		<!-- 			<Label text="Time In"/> -->
		<!-- 		</Column> -->
		<!-- 		<Column> -->
		<!-- 			<Label text="Time Out"/> -->
		<!-- 		</Column> -->
		<!-- 	</columns> -->
		<!-- 	<items> -->
		<!-- 		<ColumnListItem> -->
		<!-- 			<cells> -->
		<!-- 				<Text text="{Date}"/> -->
		<!-- 				<Text text="{TimeIn}"/> -->
		<!-- 				<Text text="{TimeOut}"/> -->
		<!-- 			</cells> -->
		<!-- 		</ColumnListItem> -->
		<!-- 	</items> -->
		<!-- </Table> -->
		<Table id="idMyTable" inset="false" growing="true" growingScrollToLoad="true" alternateRowColors="true">
			<headerToolbar>
				<Toolbar>
					<ToolbarSpacer/>
					<Button icon="sap-icon://add" type="Success" press="ProAttch" text=""/>
				</Toolbar>
			</headerToolbar>
		</Table>
		<beginButton>
			<Button text="Save" press="timeLogSve" type="Success"/>
		</beginButton>
		<endButton>
			<Button text="cancel" press="timeLogClose" type="Negative"/>
		</endButton>
	</Dialog>
</core:FragmentDefinition>