<edmx:Edmx xmlns:edmx="http://schemas.microsoft.com/ado/2007/06/edmx"
	xmlns:m="http://schemas.microsoft.com/ado/2007/08/dataservices/metadata" xmlns:sap="http://www.sap.com/Protocols/SAPData" Version="1.0">
	<edmx:DataServices m:DataServiceVersion="2.0">
		<Schema xmlns="http://schemas.microsoft.com/ado/2008/09/edm" Namespace="ZDWO_NX_VENDOR_SRV" xml:lang="en" sap:schema-version="1"><Annotation xmlns="http://docs.oasis-open.org/odata/ns/edm" Term="Core.SchemaVersion" String="1.0.0"/>
			<EntityType Name="WbsDetails" sap:content-version="1">
				<Key><PropertyRef Name="VendorID"/></Key><Property Name="VendorID" Type="Edm.String" Nullable="false" MaxLength="12" sap:unicode="false" sap:creatable="false" sap:updatable="false"
					sap:sortable="false" sap:filterable="false"/><Property Name="RigCode" Type="Edm.String" Nullable="false" MaxLength="10" sap:unicode="false" sap:creatable="false" sap:updatable="false"
					sap:sortable="false" sap:filterable="false"/><Property Name="Wbs" Type="Edm.String" Nullable="false" MaxLength="24" sap:unicode="false" sap:creatable="false" sap:updatable="false"
					sap:sortable="false" sap:filterable="false"/></EntityType>
			<EntityType Name="Header" sap:content-version="1">
				<Key><PropertyRef Name="VendorID"/></Key><Property Name="VendorID" Type="Edm.String" Nullable="false" MaxLength="12" sap:unicode="false" sap:label="Vendor ID" sap:creatable="false"
					sap:updatable="false" sap:sortable="false" sap:filterable="false"/><Property Name="VendorName" Type="Edm.String" Nullable="false" MaxLength="35" sap:unicode="false" sap:label="Vendor Name"
					sap:creatable="false" sap:updatable="false" sap:sortable="false" sap:filterable="false"/><Property Name="WellName" Type="Edm.String" Nullable="false" MaxLength="18" sap:unicode="false" sap:label="Well Name " sap:creatable="false"
					sap:updatable="false" sap:sortable="false" sap:filterable="false"/><NavigationProperty Name="HeaderToWbsNav" Relationship="ZDWO_NX_VENDOR_SRV.HeaderToWbsAsso" FromRole="FromRole_HeaderToWbsAsso"
					ToRole="ToRole_HeaderToWbsAsso"/><NavigationProperty Name="HeaderToItemsNav" Relationship="ZDWO_NX_VENDOR_SRV.HeaderToItemAsso" FromRole="FromRole_HeaderToItemAsso"
					ToRole="ToRole_HeaderToItemAsso"/><NavigationProperty Name="HeaderToRigNav" Relationship="ZDWO_NX_VENDOR_SRV.HeaderToRigAsso" FromRole="FromRole_HeaderToRigAsso"
					ToRole="ToRole_HeaderToRigAsso"/></EntityType>
			<EntityType Name="Items" sap:content-version="1">
				<Key><PropertyRef Name="VendorID"/></Key><Property Name="VendorID" Type="Edm.String" Nullable="false" MaxLength="12" sap:unicode="false" sap:label="Vendor ID" sap:creatable="false"
					sap:updatable="false" sap:sortable="false" sap:filterable="false"/><Property Name="Contract" Type="Edm.String" Nullable="false" MaxLength="10" sap:unicode="false" sap:label="Contract" sap:creatable="false"
					sap:updatable="false" sap:sortable="false" sap:filterable="false"/><Property Name="PurchOrder" Type="Edm.String" Nullable="false" MaxLength="10" sap:unicode="false" sap:label="Purchase Order"
					sap:creatable="false" sap:updatable="false" sap:sortable="false" sap:filterable="false"/><Property Name="ServType" Type="Edm.String" Nullable="false" MaxLength="8" sap:unicode="false" sap:label="Service Type "
					sap:creatable="false" sap:updatable="false" sap:sortable="false" sap:filterable="false"/><Property Name="Description" Type="Edm.String" Nullable="false" MaxLength="40" sap:unicode="false" sap:label="Description"
					sap:creatable="false" sap:updatable="false" sap:sortable="false" sap:filterable="false"/><Property Name="Qnty" Type="Edm.Decimal" Nullable="false" Precision="13" Scale="3" sap:unicode="false" sap:label="Qnty "
					sap:creatable="false" sap:updatable="false" sap:sortable="false" sap:filterable="false"/><Property Name="Uom" Type="Edm.String" Nullable="false" MaxLength="3" sap:unicode="false" sap:label="UoM " sap:creatable="false"
					sap:updatable="false" sap:sortable="false" sap:filterable="false"/><Property Name="Status" Type="Edm.String" Nullable="false" MaxLength="8" sap:unicode="false" sap:label="Status " sap:creatable="false"
					sap:updatable="false" sap:sortable="false" sap:filterable="false"/></EntityType>
			<EntityType Name="RigDetails" sap:content-version="1">
				<Key><PropertyRef Name="VendorID"/></Key><Property Name="VendorID" Type="Edm.String" Nullable="false" MaxLength="12" sap:unicode="false" sap:label="Vendor ID" sap:creatable="false"
					sap:updatable="false" sap:sortable="false" sap:filterable="false"/><Property Name="RigCode" Type="Edm.String" Nullable="false" MaxLength="10" sap:unicode="false" sap:label="Rig Code" sap:creatable="false"
					sap:updatable="false" sap:sortable="false" sap:filterable="false"/><Property Name="RigDesc" Type="Edm.String" Nullable="false" MaxLength="100" sap:unicode="false" sap:label="Rig Description"
					sap:creatable="false" sap:updatable="false" sap:sortable="false" sap:filterable="false"/></EntityType>
			<Association Name="HeaderToItemAsso" sap:content-version="1"><End Type="ZDWO_NX_VENDOR_SRV.Header" Multiplicity="1" Role="FromRole_HeaderToItemAsso"/><End Type="ZDWO_NX_VENDOR_SRV.Items" Multiplicity="*" Role="ToRole_HeaderToItemAsso"/>
				<ReferentialConstraint>
					<Principal Role="FromRole_HeaderToItemAsso"><PropertyRef Name="VendorID"/></Principal>
					<Dependent Role="ToRole_HeaderToItemAsso"><PropertyRef Name="VendorID"/></Dependent>
				</ReferentialConstraint>
			</Association>
			<Association Name="HeaderToRigAsso" sap:content-version="1"><End Type="ZDWO_NX_VENDOR_SRV.Header" Multiplicity="1" Role="FromRole_HeaderToRigAsso"/><End Type="ZDWO_NX_VENDOR_SRV.RigDetails" Multiplicity="*" Role="ToRole_HeaderToRigAsso"/>
				<ReferentialConstraint>
					<Principal Role="FromRole_HeaderToRigAsso"><PropertyRef Name="VendorID"/></Principal>
					<Dependent Role="ToRole_HeaderToRigAsso"><PropertyRef Name="VendorID"/></Dependent>
				</ReferentialConstraint>
			</Association>
			<Association Name="HeaderToWbsAsso" sap:content-version="1"><End Type="ZDWO_NX_VENDOR_SRV.Header" Multiplicity="1" Role="FromRole_HeaderToWbsAsso"/><End Type="ZDWO_NX_VENDOR_SRV.WbsDetails" Multiplicity="*" Role="ToRole_HeaderToWbsAsso"/>
				<ReferentialConstraint>
					<Principal Role="FromRole_HeaderToWbsAsso"><PropertyRef Name="VendorID"/></Principal>
					<Dependent Role="ToRole_HeaderToWbsAsso"><PropertyRef Name="VendorID"/></Dependent>
				</ReferentialConstraint>
			</Association>
			<EntityContainer Name="ZDWO_NX_VENDOR_SRV_Entities" m:IsDefaultEntityContainer="true" sap:supported-formats="atom json xlsx"><EntitySet Name="WbsDetailsSet" EntityType="ZDWO_NX_VENDOR_SRV.WbsDetails" sap:creatable="false" sap:updatable="false" sap:deletable="false"
				sap:pageable="false" sap:addressable="false" sap:content-version="1"/><EntitySet Name="HeaderSet" EntityType="ZDWO_NX_VENDOR_SRV.Header" sap:creatable="false" sap:updatable="false" sap:deletable="false"
				sap:pageable="false" sap:addressable="false" sap:content-version="1"/><EntitySet Name="ItemsSet" EntityType="ZDWO_NX_VENDOR_SRV.Items" sap:creatable="false" sap:updatable="false" sap:deletable="false"
				sap:pageable="false" sap:addressable="false" sap:content-version="1"/><EntitySet Name="RigDetailsSet" EntityType="ZDWO_NX_VENDOR_SRV.RigDetails" sap:creatable="false" sap:updatable="false" sap:deletable="false"
				sap:pageable="false" sap:addressable="false" sap:content-version="1"/>
				<AssociationSet Name="HeaderToRigAssoSet" Association="ZDWO_NX_VENDOR_SRV.HeaderToRigAsso" sap:creatable="false" sap:updatable="false"
					sap:deletable="false" sap:content-version="1"><End EntitySet="HeaderSet" Role="FromRole_HeaderToRigAsso"/><End EntitySet="RigDetailsSet" Role="ToRole_HeaderToRigAsso"/></AssociationSet>
				<AssociationSet Name="HeaderToWbsAssoSet" Association="ZDWO_NX_VENDOR_SRV.HeaderToWbsAsso" sap:creatable="false" sap:updatable="false"
					sap:deletable="false" sap:content-version="1"><End EntitySet="HeaderSet" Role="FromRole_HeaderToWbsAsso"/><End EntitySet="WbsDetailsSet" Role="ToRole_HeaderToWbsAsso"/></AssociationSet>
				<AssociationSet Name="HeaderToItemAssoSet" Association="ZDWO_NX_VENDOR_SRV.HeaderToItemAsso" sap:creatable="false" sap:updatable="false"
					sap:deletable="false" sap:content-version="1"><End EntitySet="HeaderSet" Role="FromRole_HeaderToItemAsso"/><End EntitySet="ItemsSet" Role="ToRole_HeaderToItemAsso"/></AssociationSet>
			</EntityContainer><atom:link xmlns:atom="http://www.w3.org/2005/Atom" rel="self"
				href="https://dvc.cloud.com:443/sap/opu/odata/sap/ZDWO_NX_VENDOR_SRV/$metadata"/><atom:link xmlns:atom="http://www.w3.org/2005/Atom" rel="latest-version"
				href="https://dvc.cloud.com:443/sap/opu/odata/sap/ZDWO_NX_VENDOR_SRV/$metadata"/></Schema>
	</edmx:DataServices>
</edmx:Edmx>